label,image_name,split
0,10091307683230112167.JPG,train
3,15555110208252235557.JPG,train
0,9544060388036215859.JPG,valid
5,14256143700192261771.JPG,valid
0,10383818976200549040.JPG,valid
5,8658714011390559080.JPG,train
0,8460514791644208367.JPG,train
0,10324049429817965896.JPG,train
8,1268693917818777940.JPG,train
7,18032326407801212244.JPG,train
4,13366660941511932807.JPG,train
4,15131164343595448104.JPG,valid
7,4021682087450343180.JPG,train
8,14167991148846550514.JPG,valid
9,10242965017583113056.JPG,train
6,16097213948259612934.JPG,train
2,2538609714180619616.JPG,train
5,12215393830460648283.JPG,train
9,13161149270312439361.JPG,valid
7,12290590507204552166.JPG,valid
5,12784473228480614749.JPG,train
5,16252083015238148966.JPG,valid
4,3361910063600173303.JPG,valid
9,11717956910222049336.JPG,train
7,9957027800480604625.JPG,train
7,217573585982525467.JPG,valid
0,9885366999726315601.JPG,train
7,1771838180892089172.JPG,valid
3,10976377205256421550.JPG,train
4,8524538030205754464.JPG,valid
3,4858663773406125736.JPG,valid
3,7422023777711923809.JPG,train
6,6629120584632144361.JPG,valid
9,12598701864545530594.JPG,train
2,7705929200426671907.JPG,train
2,12009088408711839231.JPG,valid
7,11589220618526166802.JPG,train
6,16747764473741341698.JPG,train
4,2014528355647701499.JPG,train
7,11437712340232305909.JPG,train
8,16696938302447038620.JPG,train
9,5115393995094343942.JPG,train
3,568402986216982342.JPG,train
3,8554808902912553060.JPG,valid
5,11818931994891907588.JPG,train
8,4215722056418457561.JPG,train
8,3086714474076129393.JPG,train
8,4207038090347098773.JPG,train
5,3778671553039527859.JPG,train
2,3997489919251628963.JPG,train
6,3036949731601572829.JPG,train
9,13219494458611555278.JPG,valid
3,14795574170024038261.JPG,valid
6,6147392928946956704.JPG,train
0,3106474443630715894.JPG,valid
7,18244708734036771474.JPG,valid
4,5626284750745597683.JPG,train
2,4458114163189859271.JPG,train
1,881937002439712803.JPG,train
3,16620997930370363615.JPG,train
6,5913015127171658691.JPG,train
8,598062918880289196.JPG,valid
6,8302258705423904397.JPG,train
5,15023716637157555579.JPG,valid
9,965336562847462254.JPG,train
9,16617477780299417949.JPG,valid
5,7345684859513171990.JPG,train
1,17836705217209249777.JPG,train
0,398719445287207562.JPG,train
7,16770327674590078723.JPG,train
0,17720925716439644546.JPG,train
9,16657641908531016166.JPG,train
9,2091668387115104566.JPG,valid
4,9358773643978218440.JPG,train
0,11950558110638323550.JPG,valid
7,12054754570463861817.JPG,train
0,8042578646823273410.JPG,valid
1,4878255828850170743.JPG,valid
0,8236297689625901653.JPG,train
7,2587755820421867870.JPG,valid
6,6548165949746884079.JPG,valid
0,7235554431651162577.JPG,train
5,10655915661591127375.JPG,train
8,10359346736248584770.JPG,train
4,9302281921112300970.JPG,train
6,11892755701307895196.JPG,valid
8,12087695520354981007.JPG,valid
2,1840894145692885946.JPG,train
9,7410724600249555127.JPG,train
4,13553859635005877884.JPG,train
6,9317416281591251354.JPG,train
2,11738760169924279201.JPG,train
4,16927326460965110951.JPG,valid
5,14962939378411907010.JPG,valid
1,9633332657626115627.JPG,train
8,15726919847135049856.JPG,train
5,2077262693838825941.JPG,train
4,6955178083336929078.JPG,train
6,9589459708245606141.JPG,valid
0,14461821667341228740.JPG,train
2,13212965945048984553.JPG,valid
1,9976087892437481769.JPG,train
7,3755465846119776485.JPG,train
0,14835967305309585737.JPG,train
8,6256339112502918836.JPG,train
8,17612635487501718456.JPG,train
1,14760396839634313470.JPG,train
6,4425322433015466847.JPG,train
6,1619693731894014002.JPG,train
4,2084210991283473213.JPG,train
6,16097295392489939673.JPG,train
8,12196141044612908255.JPG,train
5,5407269683980050873.JPG,valid
2,7258333486862137559.JPG,train
6,15240171990294028231.JPG,valid
7,17347481960202168226.JPG,train
0,11349595443078060442.JPG,train
7,13599985166211177829.JPG,train
1,231343299596376149.JPG,valid
5,5286899348623732010.JPG,train
0,12631173223602529784.JPG,train
2,8011956785111526510.JPG,train
2,10045505036397524549.JPG,train
1,4040172924772538483.JPG,train
2,14390590839469056067.JPG,valid
1,3996590807131861145.JPG,train
5,17598670293443480102.JPG,train
0,7254011268557060449.JPG,train
8,13362686065339343910.JPG,valid
8,8008971363652841253.JPG,train
6,17938837838559229815.JPG,train
6,9351859086500012131.JPG,train
7,17648466092616276688.JPG,train
0,4346673411062430771.JPG,train
4,13973034425045673399.JPG,train
2,143087691908271644.JPG,train
8,17803674756846970473.JPG,train
2,12413381991280705612.JPG,train
5,15804251957022924057.JPG,valid
7,11848416171419393398.JPG,train
4,17059597804540589418.JPG,valid
6,1110480690405281087.JPG,train
6,14853420865291189562.JPG,valid
6,5344576129474173165.JPG,train
7,13364148878984981139.JPG,train
9,10732189201185716480.JPG,train
2,8924645196300610071.JPG,train
9,2927016370634667672.JPG,train
7,11062370182225939045.JPG,valid
0,3207434248018701881.JPG,valid
0,11945380701522060909.JPG,train
9,18390317441035500804.JPG,train
1,17626518398994675764.JPG,train
8,15487273328267904176.JPG,valid
8,6786401653536268417.JPG,valid
7,2929985970853910970.JPG,train
6,18171481562283928535.JPG,train
5,17829586638266940805.JPG,valid
8,13485681867223608067.JPG,train
6,4735729987606915848.JPG,train
5,18398655543360102921.JPG,valid
7,14096497067129246795.JPG,train
9,3893593043294415106.JPG,train
8,581523759166157069.JPG,train
2,3180596169456308863.JPG,train
9,2755845923749036242.JPG,valid
7,4815702940949108106.JPG,train
4,13024884228017735344.JPG,train
3,18101109514250290578.JPG,train
9,9946964864759300772.JPG,train
1,6216516593374633349.JPG,train
2,16215678260429857610.JPG,train
6,2517897198290277145.JPG,train
0,3436205743530254107.JPG,train
7,17079418203989090611.JPG,train
5,13868303916940733111.JPG,valid
0,1199769288616364537.JPG,valid
1,14772719234469130483.JPG,train
4,13237426612572842659.JPG,valid
0,11966932811795064549.JPG,train
4,13340588245181028804.JPG,train
2,12541216929133486029.JPG,valid
4,11489852008331450953.JPG,train
5,15195207294203368441.JPG,train
7,15790521123228952284.JPG,train
4,5479536691692938799.JPG,valid
2,13819316501272863361.JPG,train
0,5407680784537667313.JPG,train
9,14565141553693232220.JPG,valid
3,9478246573227719907.JPG,train
2,8276682695950293890.JPG,valid
0,554433206743310240.JPG,train
1,17603259410642092923.JPG,valid
7,9836644418755752024.JPG,train
5,7181483280430305940.JPG,valid
9,2631348662851700199.JPG,train
1,8410902338045345629.JPG,train
6,9759992402281470857.JPG,train
1,661387400984160156.JPG,train
7,16245675753583217907.JPG,valid
2,2749129488974923066.JPG,train
5,4254784148426022285.JPG,valid
8,10861498900555641577.JPG,train
2,17153688315139912262.JPG,valid
6,16419409795916961192.JPG,train
6,16821618168470780641.JPG,train
1,7071929947453679404.JPG,train
4,14121180072693327065.JPG,train
5,15239461631438661490.JPG,train
8,15034711651219111042.JPG,train
1,853914224486937411.JPG,valid
1,2060452469601927558.JPG,valid
5,17856014849989472259.JPG,train
7,4292822575487752109.JPG,train
7,11308180718594008085.JPG,train
5,12386253959766109395.JPG,valid
2,5618059360375289159.JPG,train
2,5363927261752435830.JPG,train
6,4143569705253589927.JPG,train
8,5087680124153266497.JPG,train
8,5544255798438149630.JPG,train
0,9472186654586671337.JPG,train
9,1819114074330592133.JPG,train
5,15993160298470386300.JPG,train
5,14748327021592899418.JPG,train
2,16006689644422729385.JPG,valid
0,3379874460506630721.JPG,train
1,15707628220052348012.JPG,train
3,10430769090703046521.JPG,train
6,10695099168486045827.JPG,train
8,17277140133980609976.JPG,train
0,16809786263145690849.JPG,valid
1,8570361622237799224.JPG,valid
8,12633950418319553001.JPG,valid
8,1441065135907432673.JPG,train
8,7718466673281940056.JPG,train
0,7901330807996999170.JPG,valid
5,3725085473769419271.JPG,train
9,18234306205245609848.JPG,train
4,12759176700703520403.JPG,train
0,9543010728051773403.JPG,valid
7,1172422081077455815.JPG,train
4,15478348238786284330.JPG,train
6,704615585179844354.JPG,train
0,1668051371259814687.JPG,train
1,12386490924261806544.JPG,train
1,9907495920230475239.JPG,train
7,5430016664763853264.JPG,train
7,14988773282791900901.JPG,valid
5,14380361339095316135.JPG,train
6,10844544285463785490.JPG,train
6,9314311372057691161.JPG,valid
6,15808959906371618865.JPG,train
7,10446736579082559373.JPG,train
7,11308754739985582758.JPG,train
3,11126151536542137391.JPG,train
1,16591938597260076990.JPG,train
8,16877647437502147324.JPG,valid
8,18314934294155081855.JPG,valid
6,14180495907425212895.JPG,train
7,5272631738299914121.JPG,train
4,16513318894162477737.JPG,train
8,8518848395772483892.JPG,valid
3,15217731014995757026.JPG,train
1,15317651985014107764.JPG,train
9,2066233774269373850.JPG,train
5,4627524944887945576.JPG,train
5,8715702907542971171.JPG,train
4,15325644116505650284.JPG,train
9,3569369184641484708.JPG,train
8,306329921633194257.JPG,valid
7,4497782126158536190.JPG,train
8,13199338732352545693.JPG,train
8,11995849867135983904.JPG,train
0,683952466907790745.JPG,train
1,13790444053011214152.JPG,valid
5,16011363069454922543.JPG,train
4,6759936339747488820.JPG,train
2,18429910733942578767.JPG,valid
4,7753589533311309390.JPG,train
9,4495608949780072929.JPG,valid
3,9644017053452513401.JPG,train
5,15045880843196154228.JPG,train
8,10004978621042714556.JPG,train
3,6215188630495457383.JPG,train
2,3714133745826175881.JPG,valid
9,16600874327080924645.JPG,train
4,16904171128802493551.JPG,train
2,3955448975933398521.JPG,train
1,11260950399490205519.JPG,valid
8,2209941672301590582.JPG,valid
2,11966327315226971539.JPG,train
0,9821573669963713734.JPG,train
2,6761255446238564630.JPG,train
6,4100792482432086964.JPG,train
6,2619723794219714506.JPG,train
4,6252328310684345191.JPG,train
2,12475582211388370149.JPG,train
7,1027557309152844527.JPG,valid
0,7222716800730449042.JPG,train
4,13200577122373614059.JPG,valid
3,4668034649065557641.JPG,train
6,4522508091288053987.JPG,train
8,4417599005025951657.JPG,train
3,5860384463080750977.JPG,valid
8,5494521472800300255.JPG,train
6,15941505459586218605.JPG,train
9,7297089491895012069.JPG,train
8,6702991677734234666.JPG,train
9,16564381570414318905.JPG,valid
5,15908501063291055951.JPG,train
9,13536605765207849208.JPG,train
2,2178703383251876515.JPG,valid
3,6588194451450904834.JPG,train
5,1032259245573700571.JPG,train
9,7354375941574485.JPG,valid
1,2689341131897299016.JPG,valid
9,15205326343589995095.JPG,valid
7,13322800818369893351.JPG,train
1,9400546648298921117.JPG,train
3,9247427508239497061.JPG,train
4,11872188531655150840.JPG,train
6,8540724712273435614.JPG,train
9,10809916437107670320.JPG,train
4,15318535576840310391.JPG,valid
8,4084552315950738751.JPG,train
7,3827366491279698325.JPG,train
1,4734135704493318566.JPG,valid
2,16811044664732918164.JPG,valid
8,7618364434201035193.JPG,train
5,13650954933833049013.JPG,valid
8,4355398854421308090.JPG,train
7,8067634230352706980.JPG,train
8,4285508495590789084.JPG,train
6,14587356843605366398.JPG,train
4,15261572729075576461.JPG,train
8,6152908021678050105.JPG,valid
9,8796821136467465715.JPG,train
4,5543034493031660357.JPG,valid
1,3558127714292319811.JPG,train
0,1785178117092872984.JPG,train
5,3972293886695884250.JPG,valid
9,13894771219948268699.JPG,train
2,15278075481759858281.JPG,valid
3,6813945819011336796.JPG,train
7,482873865975473029.JPG,train
2,3751174424745937232.JPG,valid
7,18406754085528450858.JPG,train
1,18085877176505772015.JPG,valid
7,10806963180005558193.JPG,valid
4,1054110343094535409.JPG,valid
5,274385153029447147.JPG,valid
7,1867439828599681146.JPG,train
2,15663399941767858890.JPG,train
5,18138649655826424346.JPG,train
2,3116838678021244357.JPG,train
0,1844884988479084047.JPG,train
0,16941403606614788431.JPG,train
5,17787903972110017279.JPG,train
4,3557611684220095334.JPG,train
4,14583826533319339463.JPG,valid
6,16595376512798285197.JPG,train
2,11739996364387592954.JPG,valid
0,12276072294229185451.JPG,valid
7,11853454069089417658.JPG,train
5,10387541444933503703.JPG,valid
3,3709610493846704321.JPG,train
4,3283137459936079036.JPG,train
6,12745484297392560294.JPG,train
6,4042659492677455155.JPG,train
6,16092913609577152720.JPG,valid
9,2054907082474644479.JPG,valid
6,17900498562995340777.JPG,train
2,8980306749824478123.JPG,train
5,10855541478065814562.JPG,train
5,7769245008939587205.JPG,train
5,7472891255424477199.JPG,valid
4,4944547023022330150.JPG,train
2,17170210766231415704.JPG,train
0,3364704796171147867.JPG,train
8,12857476735346733334.JPG,valid
2,4433049133745269756.JPG,valid
7,12592538716732725562.JPG,valid
5,3402546082885905701.JPG,valid
9,7227637775125596649.JPG,valid
2,12828202264716445345.JPG,train
0,11225984871924776387.JPG,train
1,7929882398127522512.JPG,valid
5,8884748913179245254.JPG,valid
2,3584856770129432003.JPG,train
3,5538272689741216225.JPG,valid
7,4901483342778959535.JPG,train
8,12680436995157899716.JPG,valid
3,2795989791913731848.JPG,train
7,2899207268735867376.JPG,train
9,7490782263956986420.JPG,train
5,15560575248320086006.JPG,train
3,17677902748863244569.JPG,train
4,12063392697611714687.JPG,train
5,18198436753418826821.JPG,train
2,3367517714358503930.JPG,train
2,2816330108072289026.JPG,train
4,9390013340726201640.JPG,train
9,5289035235661815626.JPG,train
5,15814552086926176318.JPG,valid
5,3011011447203512069.JPG,train
8,16413943259309421465.JPG,train
4,17040492542931057785.JPG,train
0,15435427250622152661.JPG,valid
9,1629122147865644888.JPG,train
3,1022921758055222767.JPG,train
2,15782812507330560393.JPG,train
8,17082218221468820810.JPG,train
4,14942126196489814038.JPG,train
1,15192106554608681948.JPG,valid
7,3214119806899288590.JPG,train
0,9303946745860284247.JPG,train
1,17088719366881512650.JPG,train
4,10425983484820654889.JPG,train
7,12728252744440950180.JPG,train
4,17471424698880003416.JPG,train
0,8275466619612707348.JPG,train
8,17629879277652396388.JPG,valid
6,11731070730463899193.JPG,valid
7,12272673447691174742.JPG,train
6,6676514734418160320.JPG,valid
2,16284413098085134410.JPG,train
7,4637588540299924472.JPG,train
3,9257729054318676868.JPG,train
3,4306550026750315982.JPG,train
4,5531695552961723581.JPG,train
6,43769142019538359.JPG,train
9,13155188865958910666.JPG,train
8,9499169050254163903.JPG,valid
2,5005450555487376312.JPG,valid
6,7239937848926454119.JPG,train
1,213752916550236325.JPG,train
4,9784225310726753731.JPG,train
7,1798089129236838355.JPG,valid
0,4297531630507040794.JPG,valid
0,15192104551908777850.JPG,valid
3,8807142673938155159.JPG,valid
9,9633564133274014198.JPG,train
7,8643168665210000731.JPG,train
1,4258126676933418298.JPG,train
1,5371069472006149713.JPG,train
5,17590194722333446183.JPG,train
5,987606104245452676.JPG,train
1,5044132140574918753.JPG,train
9,10356461328712412248.JPG,train
8,5898975483723592171.JPG,train
3,3085417352172700131.JPG,train
0,16376295350448885526.JPG,train
3,15294007074246767870.JPG,train
2,771615740108669719.JPG,train
0,7387161762723411224.JPG,train
5,2344065651703083153.JPG,train
4,10328572578073830193.JPG,train
0,10931598260818462224.JPG,train
4,2935571625122426523.JPG,train
1,16432918934246723842.JPG,train
0,7301864355269612885.JPG,train
3,8184695701001316998.JPG,train
9,17282571449688226164.JPG,train
4,3951449711268728221.JPG,valid
0,9279762214379685998.JPG,valid
2,2847775846513762120.JPG,train
8,409108751042718951.JPG,train
8,10016511250124424253.JPG,train
9,378316117173840962.JPG,valid
0,2466344453764218759.JPG,valid
2,6382303809613768366.JPG,train
3,12821925781312817224.JPG,train
2,3800696553504559124.JPG,train
3,5877464680119621919.JPG,valid
5,16513703802668014930.JPG,valid
2,649111944988447332.JPG,train
9,16756382381594748091.JPG,valid
2,4189459856952593526.JPG,valid
8,8227413158705776225.JPG,train
1,6303307285197064516.JPG,train
6,3673821820107061636.JPG,valid
8,2664253150580244326.JPG,valid
5,3441499964447233784.JPG,valid
9,9260500583469762077.JPG,valid
4,3064964866919844722.JPG,train
9,5519235809724629220.JPG,train
2,12759419383230577866.JPG,train
9,6642067419202013339.JPG,valid
9,10284985859083363936.JPG,train
9,688691689314432376.JPG,train
4,9439032213811620461.JPG,train
8,3477288754205851308.JPG,valid
4,1615313410452282704.JPG,train
0,1273782249574896323.JPG,valid
7,12975974178805527953.JPG,train
2,11312206362622879513.JPG,train
7,8646861143437003472.JPG,train
9,7386973137839330003.JPG,valid
7,10522449044742424998.JPG,train
3,9348226191993652478.JPG,train
2,6702041920230182020.JPG,train
5,16855338341801745509.JPG,train
0,4410843389575271288.JPG,train
6,12925534473733388035.JPG,valid
8,15495695982493936509.JPG,train
9,18132041320017633779.JPG,train
1,3415619549634199320.JPG,train
4,11721399239573313548.JPG,train
0,16679929187421605897.JPG,train
1,13836546998264884617.JPG,train
3,376859682102587753.JPG,train
8,4225638301902749833.JPG,train
9,17432830850547716938.JPG,train
2,3668610328643911247.JPG,valid
0,8606884951410857506.JPG,valid
8,3222718717005907898.JPG,train
3,15733426504088049179.JPG,valid
8,7090961931075795529.JPG,train
7,11112904218281052222.JPG,train
0,7242466719352429928.JPG,valid
2,17217318412986155787.JPG,train
0,17991486984384268578.JPG,train
9,6479518061450127963.JPG,train
1,5032016796758530105.JPG,train
9,9262298441120047531.JPG,train
6,6618948699636384650.JPG,train
9,8857676129326559143.JPG,valid
7,6830027827181372308.JPG,train
5,549216149346185638.JPG,train
6,12785351746670139179.JPG,train
9,11178455781580953219.JPG,train
3,9371610934115407975.JPG,valid
2,1877261456636892787.JPG,valid
5,14819436055337262259.JPG,train
7,5633591267743289612.JPG,valid
0,14203851078953980263.JPG,valid
8,14256263115682291752.JPG,train
8,15307634968087508740.JPG,valid
0,10101936175241827942.JPG,train
7,14713126169026313726.JPG,train
3,9694196293132139922.JPG,valid
7,786446531392677041.JPG,train
3,749824396631385233.JPG,valid
9,11898489113682681992.JPG,valid
8,213062390742290790.JPG,valid
4,11555866115111866710.JPG,train
1,12131071480568474700.JPG,train
1,13584406750316656992.JPG,train
1,13724468219944377737.JPG,valid
7,4335259015051414890.JPG,valid
4,7878075730661471299.JPG,train
2,5010255464408862450.JPG,train
6,13774255914398267887.JPG,train
6,18058950964011211867.JPG,train
9,15481330496734903559.JPG,valid
4,17228795878694634382.JPG,train
2,750274546416288115.JPG,train
9,7475328425830345447.JPG,train
2,10062596977361955362.JPG,train
9,15367577756438558167.JPG,train
8,12500435087171890448.JPG,train
6,13404362560038111213.JPG,train
0,5946844320976067240.JPG,train
7,15764585470362920863.JPG,valid
3,9606480371401521263.JPG,train
4,748786181892134329.JPG,train
9,2814189965291715778.JPG,train
8,7695374809537024794.JPG,train
5,9793949402016594418.JPG,train
0,1026046519274222585.JPG,valid
7,12813385318422182189.JPG,train
5,2794379414483994060.JPG,train
9,1163561512747645102.JPG,valid
0,17730178202184528820.JPG,train
3,2765845729915374893.JPG,valid
1,10026748973994114620.JPG,valid
9,12531622301782888635.JPG,train
1,1571214206885566585.JPG,train
6,11999394609746177144.JPG,train
0,12897020625566060055.JPG,valid
7,14724372509935474767.JPG,train
8,151251301951076871.JPG,valid
3,4604055353563702897.JPG,train
4,9307667131840862731.JPG,train
5,10002634708299584734.JPG,train
6,13340034186036908430.JPG,valid
9,4025195937744589199.JPG,train
8,7069777790705064353.JPG,valid
3,11213996472980310567.JPG,train
8,14449041253584877029.JPG,train
4,17817331874444036050.JPG,train
9,8985461521177651826.JPG,valid
6,1890975080786094253.JPG,train
8,17464149331759967044.JPG,train
0,5008909608962861009.JPG,train
3,12252249289628459571.JPG,train
3,14694460864000550263.JPG,train
7,1680340686577568712.JPG,train
7,17465505125003715874.JPG,train
4,15159987073011600582.JPG,train
7,10235045518012935693.JPG,train
2,7319053423309696202.JPG,train
7,16781278944707848736.JPG,train
5,2416292764052407820.JPG,valid
0,12987621380492565030.JPG,valid
2,11213238880159690502.JPG,train
4,6017393389090543313.JPG,train
8,6675381051134048249.JPG,train
2,1703175859166295511.JPG,train
0,10862915757186248800.JPG,valid
1,16899066247781336075.JPG,valid
0,17502566297011262944.JPG,train
6,7568128974296914280.JPG,train
9,18199056417345534129.JPG,train
3,18421334478979682243.JPG,train
0,7898753954277217687.JPG,train
3,12766595323047334993.JPG,train
2,9118337287695284075.JPG,train
5,7444288657254017639.JPG,valid
2,14872782690441703508.JPG,train
8,4758725963539742685.JPG,train
3,712237892476450851.JPG,valid
9,14722233950731197656.JPG,train
4,5473912486108101152.JPG,train
4,15796570294661089723.JPG,train
9,14453394479214574372.JPG,train
3,9865961976237981082.JPG,train
1,2933316424781301904.JPG,train
2,10561181919392509261.JPG,train
5,10049273624684743798.JPG,train
4,15427551700349750523.JPG,train
1,16399769527536255572.JPG,valid
7,3102408810511899519.JPG,train
6,18110296889692095916.JPG,valid
1,3900335942114472236.JPG,train
9,12814486903448871611.JPG,train
6,15889229841877372815.JPG,valid
0,14569806802095186380.JPG,train
6,10121755993919738940.JPG,train
1,4421948713339150082.JPG,train
9,5660923360542698177.JPG,train
2,13951698281463490490.JPG,valid
4,7992663249524050759.JPG,valid
6,5037168225375346797.JPG,train
9,13365525302167614565.JPG,valid
9,16789556138263774136.JPG,valid
0,1220599105314879646.JPG,valid
6,10522474156338658587.JPG,valid
2,5905305019262340422.JPG,train
5,7140268897164381638.JPG,train
1,17826226929637421777.JPG,train
7,7284278185502368694.JPG,valid
1,14553371525338891755.JPG,train
3,17959217977116842694.JPG,valid
4,18350777946476326489.JPG,train
4,2514293287980502086.JPG,train
5,16514317757290569918.JPG,train
3,8284634575207685762.JPG,valid
5,11808449965864765192.JPG,valid
2,9415317433841939957.JPG,train
0,16364865693034864250.JPG,train
8,4891676268789687043.JPG,train
6,14045563809440541586.JPG,train
3,13942630501769683178.JPG,valid
7,9444023243321517672.JPG,train
6,2046994916394130486.JPG,train
6,8446503098453269103.JPG,valid
9,11111932542069572435.JPG,train
2,7984884087030864152.JPG,valid
6,8321215450979495288.JPG,valid
8,15242683658330175656.JPG,train
2,9545123941960716156.JPG,valid
3,16527598717753582898.JPG,train
3,14133243581504349337.JPG,train
1,7211976047436103793.JPG,train
4,3154139557573689074.JPG,train
2,12332142276161650359.JPG,train
0,16464577581331714975.JPG,valid
2,14984899785479571641.JPG,train
9,767119454623474499.JPG,valid
4,15831802202701069065.JPG,valid
6,7812489200475612661.JPG,train
1,5019870680106627940.JPG,train
8,2378338465965317718.JPG,train
1,15989447478624868403.JPG,train
6,11064690813506528059.JPG,train
7,9922648034772309800.JPG,valid
2,1086504157962237932.JPG,train
0,10019102801467511494.JPG,train
5,17167730919051792609.JPG,valid
7,7106228540679385730.JPG,train
7,13880592083782711856.JPG,train
8,107083067022324482.JPG,train
5,17428482833007589791.JPG,train
3,81665267328215549.JPG,valid
7,4426830316964337984.JPG,train
2,5566331620102072086.JPG,train
4,2317911712682422009.JPG,train
6,6450574112446141745.JPG,train
5,3480635139701780851.JPG,valid
7,14550187145612668789.JPG,valid
1,863373196692248484.JPG,train
9,17426806951216043783.JPG,valid
2,14544066279216325644.JPG,train
7,8615797356641951959.JPG,valid
7,9441285420993094646.JPG,train
8,13854148452518838218.JPG,train
4,6539760766891225616.JPG,train
7,10109225955289532197.JPG,train
1,13837128385134091488.JPG,train
4,12995825839584950582.JPG,valid
4,4418778506375994178.JPG,train
1,17568043569187067951.JPG,train
3,3310668669266865833.JPG,valid
8,8995908445875017303.JPG,train
6,15799739218432980655.JPG,train
7,4433668605807603551.JPG,valid
9,7038527078772664356.JPG,train
9,6778081079083648567.JPG,train
7,8517237100683156055.JPG,train
8,18154313543448807756.JPG,train
3,12271255857440709891.JPG,train
0,13915277868456021451.JPG,train
1,5778345277848602978.JPG,train
5,14201560411101491749.JPG,train
3,2087940344052624208.JPG,valid
6,9181432989473837559.JPG,train
5,8672568615769342137.JPG,train
1,17445298221226796420.JPG,train
5,92619416403121111.JPG,train
0,5478804206220739112.JPG,train
4,1347621222006499065.JPG,train
1,18236137459551777683.JPG,train
2,1515492216555839526.JPG,train
4,15889537075602957556.JPG,valid
8,1240477402611370464.JPG,train
9,6661241837779891361.JPG,train
5,2312429661148802988.JPG,train
5,16826115783707177040.JPG,valid
4,8260160081953988350.JPG,valid
5,13613418607705086604.JPG,train
8,6708625977636923432.JPG,train
1,7638560868445707891.JPG,train
5,15757961896893131405.JPG,train
2,14181144759922725149.JPG,valid
6,4148177031617196432.JPG,valid
5,13290749988062691446.JPG,train
5,14407455652104887158.JPG,train
8,543993369788390198.JPG,train
8,17481014944007275046.JPG,train
7,676446720579391033.JPG,train
2,8477775736445645037.JPG,train
1,1828618514421355574.JPG,valid
4,13663246115392282370.JPG,train
5,11734807791849463050.JPG,train
1,10646991690708865940.JPG,train
0,8508478174231521919.JPG,train
4,16042547903951795184.JPG,valid
3,17051025691720105996.JPG,valid
0,8216037847947787413.JPG,train
3,12511272247007340280.JPG,train
0,4996114357766624564.JPG,train
2,16087564528853767587.JPG,train
4,15462469313649332814.JPG,valid
6,15021980710764048872.JPG,train
9,6555506615284538582.JPG,train
1,16356343172940717266.JPG,train
5,7042597046911894375.JPG,train
0,11728476960640920173.JPG,valid
8,3278402346019203809.JPG,train
5,18115449925381707561.JPG,valid
9,15668491581974297499.JPG,train
8,6266907831553020686.JPG,valid
1,2734080785781491276.JPG,train
0,7783948552048363748.JPG,train
3,13167492700248978691.JPG,valid
5,7978060415685884276.JPG,train
9,14538887870357389425.JPG,train
0,10829728134504767919.JPG,train
1,140926735094395915.JPG,train
3,5288175737623198894.JPG,train
9,12197146690700567614.JPG,valid
3,1806309291244818828.JPG,train
1,86914201978444858.JPG,train
4,13061806301595106952.JPG,train
6,3130407599556628700.JPG,train
1,14936076592958565725.JPG,train
4,11905200437857244322.JPG,valid
5,1801449434659014360.JPG,train
7,7970289475256821454.JPG,train
1,17652201188752934255.JPG,train
7,9311363100400871476.JPG,train
1,4763248084974766532.JPG,train
5,10022654459621319056.JPG,train
6,5106205351487038988.JPG,valid
5,5657973169359352829.JPG,train
3,14813544525699004831.JPG,train
5,14608189157122665420.JPG,valid
3,10510244899375139708.JPG,valid
7,6085497167682650071.JPG,train
2,5882389584351693295.JPG,train
4,5545294659110142833.JPG,train
7,17636726443727323190.JPG,train
7,12899591673657004226.JPG,train
0,15986181807953383950.JPG,train
9,1153505465011234507.JPG,valid
2,8301918021008957143.JPG,train
7,15155497376932393107.JPG,train
4,8016519190598241741.JPG,valid
4,10690547903646670142.JPG,train
7,11335765231604662320.JPG,valid
7,171465187350836863.JPG,train
6,10236093426402509854.JPG,train
5,13090740341950008922.JPG,valid
8,4704264284177763331.JPG,valid
7,347870631969859945.JPG,valid
7,11831749465574423191.JPG,train
8,13783250479403849897.JPG,train
4,7144410700072935624.JPG,train
9,13377633220795032325.JPG,valid
6,10017632394035332535.JPG,valid
0,11866293044625016051.JPG,train
3,1715435160633303056.JPG,train
5,12634424088498899914.JPG,valid
6,17940273354898692877.JPG,train
1,17401537658879395375.JPG,train
4,17235966740468985174.JPG,train
0,13902406697918775744.JPG,valid
3,15964887847193233579.JPG,train
1,11659677506568965229.JPG,train
0,1498990708882533947.JPG,train
0,1412911495959655524.JPG,valid
9,11606800638655187980.JPG,train
5,2765261884295131379.JPG,train
7,4333066645317221257.JPG,train
8,3341787392862628745.JPG,train
4,13065315942743724307.JPG,train
4,365470347759014821.JPG,train
0,2200674362555908275.JPG,train
5,7684794935434702134.JPG,valid
3,4845862774273551916.JPG,valid
6,9808856578049720473.JPG,valid
7,6075715590597735346.JPG,train
7,15810739046925925778.JPG,train
0,6603885651024744498.JPG,train
6,14891883268181504212.JPG,train
4,16503134886274453707.JPG,valid
9,5004582546902489664.JPG,valid
4,92225067316455270.JPG,train
8,10689529622710959342.JPG,train
9,13666012790561333360.JPG,train
7,16019343085445641150.JPG,train
4,11720134934796984688.JPG,train
9,9019551461350766975.JPG,train
3,11479794440414610093.JPG,train
4,9718743576648824856.JPG,train
1,10024740884707721365.JPG,valid
4,7669094482929808072.JPG,train
7,642708252923790271.JPG,valid
8,14077157739685000899.JPG,train
6,14970787889382365455.JPG,train
6,6456060076664562145.JPG,train
0,13870402165572392607.JPG,train
6,18366033993893345003.JPG,train
2,1286844641811538991.JPG,train
6,10780098842819228888.JPG,valid
4,1490703309880536561.JPG,valid
1,11851272253225791101.JPG,train
7,10779044659532008133.JPG,train
8,15374516780734905669.JPG,valid
8,10207012680475346134.JPG,train
3,1621153332234330414.JPG,train
9,18117992612512382789.JPG,train
6,7214002566427542403.JPG,valid
7,15236419877114646276.JPG,valid
0,4818206945309680770.JPG,train
7,13639553247852421131.JPG,valid
3,5494564194160884192.JPG,train
3,16392105878460361807.JPG,train
3,6016755324743409527.JPG,train
1,11866116855129524410.JPG,train
5,16140799925514706606.JPG,train
7,5614896240701122589.JPG,train
5,10555419735363601469.JPG,train
6,3693910490464212174.JPG,train
1,6453228057014999374.JPG,valid
4,8224840518902918069.JPG,train
0,838969109679999545.JPG,valid
3,11586134167079800220.JPG,valid
1,5111994016203694072.JPG,train
5,9921454678203039474.JPG,train
6,922315497332720794.JPG,valid
9,9207667767874119960.JPG,train
6,10803090739485753731.JPG,train
0,15950245888703025114.JPG,train
6,12973372280312293108.JPG,valid
3,3146389271623715055.JPG,valid
3,12837173144673456269.JPG,train
2,17240649586716294869.JPG,valid
3,16370486539401565911.JPG,train
1,9515000035361545923.JPG,train
4,11069870701639699460.JPG,train
0,7996343954155214615.JPG,train
1,12466299012183190685.JPG,valid
5,3888894662978346551.JPG,valid
5,14289005769742913641.JPG,train
1,8778755361475710476.JPG,train
7,10163834153411497788.JPG,valid
4,14039741181433562652.JPG,train
1,8339935229859961559.JPG,train
4,11224878717553028083.JPG,train
0,9209588194498732792.JPG,train
5,13608079634792502333.JPG,valid
2,11170294482636365374.JPG,train
4,3369808491693470774.JPG,train
3,4527420480842965509.JPG,train
8,17139311563594789802.JPG,valid
4,15187377810585412199.JPG,valid
2,3148949771526325286.JPG,train
9,11399914988609602616.JPG,valid
3,4178414319657631025.JPG,train
9,11406598885681143830.JPG,train
0,3020307063483094302.JPG,train
4,5633603650466035001.JPG,valid
3,7891213585054068290.JPG,train
6,9364383944591376964.JPG,valid
9,7330253215030659201.JPG,train
1,171791757114318030.JPG,valid
2,5921812112350982122.JPG,train
7,13167506222665871849.JPG,valid
5,6112093798892631076.JPG,train
3,11352074039800346432.JPG,valid
5,13634554991229404080.JPG,valid
8,1219078945289230312.JPG,train
4,7860951500179656913.JPG,train
8,4291531634904215141.JPG,train
7,17642997147408318450.JPG,valid
7,12081044929982609968.JPG,train
0,18393423666522491984.JPG,valid
2,12338700094516263859.JPG,train
1,775860725519443529.JPG,train
7,3624885378346074553.JPG,train
4,12560274733237084581.JPG,train
5,18361575937103819655.JPG,train
6,7725367139242361834.JPG,valid
2,7913534340379670217.JPG,train
4,1610510209393549210.JPG,valid
0,11366071337893158542.JPG,train
8,10490679899771710761.JPG,train
6,6333647172909528351.JPG,valid
6,14037692073901734516.JPG,train
9,9422643647742247441.JPG,valid
6,57752549288629968.JPG,valid
1,8516224119562247802.JPG,train
0,2887885855886704770.JPG,train
3,1728595735123088489.JPG,train
6,10293730517062763641.JPG,valid
1,8691793830588964791.JPG,valid
1,520386031424093530.JPG,train
4,8619756561122048035.JPG,valid
4,2910640148585842598.JPG,train
6,1901713068575398019.JPG,train
5,14074173743412559962.JPG,valid
6,4852864950274931004.JPG,valid
2,2590934846365495650.JPG,valid
9,9163565352855815695.JPG,train
5,8364372935952235979.JPG,valid
9,10849227797862558045.JPG,train
9,10578315339522451986.JPG,train
0,14218283865896251732.JPG,train
1,4861016837152018838.JPG,valid
4,17019918375035839229.JPG,train
8,12730058372503086985.JPG,train
2,4665523190851231047.JPG,train
0,9801833337227968623.JPG,train
3,9553130332328841173.JPG,train
8,1155587943914537730.JPG,train
7,8532660297233094070.JPG,train
7,10895169665076636986.JPG,train
7,3510033696559208818.JPG,valid
3,9335228617884199364.JPG,train
0,7593131199926117627.JPG,train
0,1184994179761790245.JPG,train
2,11738136970770749277.JPG,train
9,7832595993927958720.JPG,valid
2,18303522679018295206.JPG,train
0,23462943749903197.JPG,train
6,1526388056928304287.JPG,train
5,8355157032752284268.JPG,train
7,8772306765032447563.JPG,valid
6,1148381400233722723.JPG,valid
5,3293994036822619813.JPG,train
5,15504505222375860894.JPG,train
7,14627917462539586504.JPG,train
7,13707873923151867470.JPG,valid
7,3839479529620996858.JPG,train
2,3026202696483290546.JPG,train
9,17554286780893753043.JPG,valid
2,6227442010226499992.JPG,train
7,6998314290441689964.JPG,train
8,4041778900430340706.JPG,train
4,15084678670120437588.JPG,train
4,11986070186383100534.JPG,train
7,13308919736794514187.JPG,train
6,4872498884282774822.JPG,train
3,5153771051209861589.JPG,train
8,7821120053062013682.JPG,train
8,11878036746140274176.JPG,valid
3,14117211032110642560.JPG,train
7,13299876223728208940.JPG,train
9,3718804954254384138.JPG,train
9,15657318705682742882.JPG,train
0,3817165448801905090.JPG,valid
6,9300146724124427437.JPG,train
2,10189701983298026575.JPG,valid
3,1662900514529211955.JPG,train
3,10972749868665000969.JPG,train
1,9222575787954878296.JPG,valid
5,3310764080504344089.JPG,train
6,1160636622023917559.JPG,train
8,14674626381132544798.JPG,train
4,11759913956909591385.JPG,train
1,18322814333416166689.JPG,valid
1,11510361710087952438.JPG,train
3,1861612020265688127.JPG,train
8,2414334698790291540.JPG,train
5,16376269396733344040.JPG,valid
8,6349657375447410016.JPG,train
8,9924737027124538403.JPG,train
5,17140332296076550177.JPG,train
5,11702980698513081797.JPG,valid
0,17934156835784280004.JPG,valid
5,16220617734570723746.JPG,train
8,14356453159226115097.JPG,valid
1,6073163667334293977.JPG,train
1,17294075795061415019.JPG,train
4,9740844806822866676.JPG,valid
0,13974177189630741015.JPG,train
3,168936674667191793.JPG,valid
0,14148366407132847253.JPG,train
0,11783860731353149169.JPG,valid
8,4627064837253165486.JPG,train
7,4984482232590029740.JPG,train
8,7419527912347706106.JPG,train
0,6341623973032508677.JPG,valid
1,9379516700554526924.JPG,train
3,15009269840994536006.JPG,train
7,18299840377277460949.JPG,train
7,14337789135889721469.JPG,train
8,7621361454324740050.JPG,train
1,2894656885464993101.JPG,train
8,6387543525965885771.JPG,train
4,10484447783222038103.JPG,valid
2,5610101307870419206.JPG,valid
9,17044376343868943300.JPG,valid
3,11851777670702552631.JPG,train
3,12882588576166198600.JPG,train
5,16292746514265341013.JPG,train
5,6525331492198269754.JPG,train
1,8070310399830334589.JPG,train
4,16594949422411811576.JPG,train
3,5235364494584181920.JPG,train
0,7537288925673181814.JPG,train
0,2392451434861392902.JPG,train
1,8300837854298352609.JPG,train
2,7512457697590441220.JPG,train
0,2026525797443845842.JPG,valid
0,9439270720265424641.JPG,valid
3,4664322622541714205.JPG,train
5,2811548627427223777.JPG,train
4,17548343878388944201.JPG,valid
6,563375680275433565.JPG,train
7,5477817998146788929.JPG,valid
6,12644900273919447274.JPG,valid
3,2274918869602468962.JPG,train
5,8131282510572809475.JPG,train
2,12007113855777253746.JPG,train
7,7728343917552588399.JPG,train
8,15400707275915504531.JPG,train
8,12044631535636905020.JPG,train
5,8864701975658968704.JPG,train
9,16295973323630201643.JPG,train
9,13360860711172841277.JPG,train
4,1050614453256739956.JPG,valid
9,9388086172715627034.JPG,train
0,2910153968206565949.JPG,train
3,13424026584881877829.JPG,train
8,9689356073499285643.JPG,valid
2,13486024481056242965.JPG,train
0,6959309616448481111.JPG,train
9,2268486879529073414.JPG,valid
9,7222956256917662579.JPG,train
3,12256630886983480037.JPG,train
2,7047773282808350302.JPG,train
1,2511396387358285847.JPG,train
5,3066036609301842329.JPG,train
3,16046017509644464674.JPG,train
1,9244880855862421471.JPG,train
8,8700386831147962410.JPG,valid
9,6329740974839954027.JPG,valid
9,12467009756044697147.JPG,train
8,15047593715591667055.JPG,train
2,13443564579333794145.JPG,train
7,13941200127161926750.JPG,train
8,1436092432660354281.JPG,train
2,6979490322010305044.JPG,valid
6,9966285503149243411.JPG,train
2,11959799805962958678.JPG,valid
5,8407477227517220968.JPG,valid
2,15448122114888864527.JPG,train
1,4022707917880872383.JPG,train
6,17288427159724455384.JPG,valid
4,15931082580747566632.JPG,train
5,2567010304001350960.JPG,valid
6,4764982721375498616.JPG,train
3,6573780020077614802.JPG,train
7,8398137859677524221.JPG,valid
8,5731435490816600979.JPG,train
4,13793793268834956208.JPG,train
0,6409334256917634205.JPG,train
9,5581257885646606367.JPG,train
3,7471166909140155974.JPG,valid
9,13405300566776981925.JPG,valid
7,10904287672042100211.JPG,train
2,11011565812786321011.JPG,train
2,10583106946044078796.JPG,train
3,13649230898371347763.JPG,train
1,13793678313026114651.JPG,train
1,12383035110684282966.JPG,train
0,6492763098040994669.JPG,train
3,451944819419186558.JPG,train
5,4841561138847399119.JPG,train
7,12533053126503559304.JPG,train
3,18006839833671584854.JPG,train
7,15191340927461052673.JPG,train
5,8031767487471204615.JPG,train
6,11210179397358545260.JPG,train
4,2688568904386680820.JPG,valid
0,10399522574119429125.JPG,train
7,1222488172733497449.JPG,train
5,12699310470215980719.JPG,train
8,7664189354811707920.JPG,valid
3,12440727649890499146.JPG,train
4,12605174289881034276.JPG,train
9,14305475056830872661.JPG,train
4,10169901814950725844.JPG,train
0,10656789634856175544.JPG,train
2,57122917870081438.JPG,train
5,12292865717535114834.JPG,train
6,7948914285534306239.JPG,valid
0,13075438713861615432.JPG,valid
5,5040425951966250764.JPG,train
5,1930537823067112462.JPG,train
3,13299133428142844518.JPG,train
9,2559542949178990698.JPG,train
2,1173561155639664166.JPG,train
3,9998356932421073934.JPG,train
6,7982163613677167312.JPG,valid
9,9247390237533670876.JPG,train
1,18280890077314826989.JPG,train
9,5392234253042880742.JPG,train
2,16748024196016534168.JPG,valid
6,10218229741062861172.JPG,valid
1,3926406971455813095.JPG,train
6,14501955295959038830.JPG,train
0,12026392383919442850.JPG,valid
8,15290233324930395847.JPG,train
6,9844526462309526153.JPG,train
3,12872811356627117594.JPG,train
4,14675899228699670123.JPG,valid
5,17682044803942916930.JPG,train
0,3836172273574294024.JPG,valid
8,967869649212658065.JPG,train
9,6490992474689973441.JPG,train
2,16832734213404240450.JPG,train
3,1075264002148549886.JPG,valid
6,5866746622531027295.JPG,train
1,15629431649287752555.JPG,valid
7,15637981433389521003.JPG,train
7,4161353874656384670.JPG,valid
1,4005086607161220801.JPG,train
0,11643691314196982861.JPG,train
9,6235081728366349994.JPG,valid
5,5250641975892511424.JPG,train
6,9516143320454929073.JPG,valid
8,4663102513460472137.JPG,train
2,16995542799486665938.JPG,train
6,14323891090523360512.JPG,train
4,2084001214892436110.JPG,valid
2,11848930809803669325.JPG,train
0,15628796617605463904.JPG,train
3,16990805026422342912.JPG,train
2,2912505088838243208.JPG,train
3,10252549808133815173.JPG,train
5,145017035280198542.JPG,valid
4,13482383004776236525.JPG,train
5,7236031165016984287.JPG,valid
3,6227908003451125339.JPG,train
2,16095308772742251486.JPG,train
8,14375770661596769130.JPG,train
7,6206728348608049455.JPG,train
7,7756382521069854872.JPG,train
4,2468356362697656462.JPG,train
0,12002213235582656624.JPG,valid
4,7509243666906751289.JPG,valid
9,9418352412760798932.JPG,valid
0,11292559685787129356.JPG,train
7,13612501662392788976.JPG,valid
6,11157580929014337987.JPG,train
9,3115332662816075552.JPG,train
8,13861918823202285281.JPG,train
3,3603039605553215103.JPG,train
7,11198540253001391733.JPG,train
6,14334187034827752979.JPG,valid
1,9064048882907583513.JPG,train
2,13327440706772569343.JPG,valid
0,7747103730205525639.JPG,train
5,13001290791055290804.JPG,train
9,1873249658853432417.JPG,train
4,1936684045305964031.JPG,valid
2,5926831008327750744.JPG,train
6,13415890528800142309.JPG,train
5,4572069633817916209.JPG,valid
8,10491396521047389777.JPG,train
9,15977707450404845414.JPG,valid
3,4169750482491099520.JPG,valid
3,11639199014050374214.JPG,train
1,1248673670335983821.JPG,train
4,11664920690944317211.JPG,train
3,11086272284796167092.JPG,valid
1,11589149967047972166.JPG,train
5,3194059536122450573.JPG,valid
3,604336411102446074.JPG,train
3,16210187222850758205.JPG,valid
0,11095814984230469642.JPG,train
4,13904048068731325787.JPG,train
5,17637341630361058124.JPG,train
5,9116717737401318563.JPG,train
1,7833062786251060173.JPG,valid
8,550672548543358129.JPG,train
1,3551149309743785216.JPG,train
7,8231142994584366145.JPG,valid
1,2899184934404634875.JPG,train
5,3902038193527618917.JPG,train
7,6779466540363295423.JPG,train
9,11285826096484800919.JPG,valid
6,4327716314372332478.JPG,train
4,8784786047685476383.JPG,train
6,8903054596764282009.JPG,valid
8,10248454276509765323.JPG,train
3,9901400707789504915.JPG,train
6,8163268759855964370.JPG,train
3,13054975702602833493.JPG,valid
6,16776116638795623028.JPG,train
6,2109291176670503408.JPG,train
8,13397270368239693503.JPG,train
0,2280636153023301115.JPG,valid
1,3097602061694948778.JPG,train
8,12617712693979878324.JPG,train
0,16951478696337797084.JPG,train
6,932559002443739386.JPG,train
3,6983217324602062668.JPG,valid
2,10092691031020127929.JPG,valid
5,16098751775574326224.JPG,train
3,18160538090570076837.JPG,valid
6,10620012704029234122.JPG,train
8,13662902413636226555.JPG,valid
4,3531070046298997196.JPG,train
4,13821395090991353405.JPG,train
5,3750114395771561727.JPG,train
2,13308091730329553544.JPG,valid
1,13892822056984664871.JPG,train
8,9819385807745306343.JPG,train
9,17557864315907445598.JPG,train
9,7327744001389718223.JPG,train
3,16359557138115760710.JPG,train
8,914765823504543634.JPG,train
5,11972087036497131524.JPG,train
0,5310671094194719623.JPG,valid
9,16980594123287176026.JPG,train
0,18367908251854962358.JPG,train
7,12280490407647542099.JPG,valid
7,1838056014305179484.JPG,train
5,9848502430167764075.JPG,train
9,6781730738688232162.JPG,train
2,5237853356107060980.JPG,train
9,16928327815707341310.JPG,train
0,13611298726249432753.JPG,valid
9,12998814563050154757.JPG,train
6,12548451125698833336.JPG,valid
6,15916198882558108492.JPG,train
5,6549817854373205603.JPG,train
2,6372563898372104818.JPG,train
6,9746413813387092236.JPG,train
8,3973044586229347428.JPG,train
2,4967236433948571991.JPG,valid
5,4235913686798090996.JPG,train
7,12450765392278564818.JPG,valid
3,12651531306444658011.JPG,valid
3,15303672082476962359.JPG,valid
8,4239888089083728674.JPG,train
0,13368237286762191468.JPG,train
9,11145556775836867174.JPG,train
0,4585731031079097742.JPG,valid
7,4003394929294461217.JPG,train
7,8127759032963816128.JPG,train
2,13459990776834044909.JPG,train
1,8926213781873644880.JPG,train
6,15188089891876943340.JPG,train
9,6357321820389563336.JPG,valid
9,1234814828329120018.JPG,train
4,13169706792540796376.JPG,train
7,9174481226740174160.JPG,valid
7,9006423821381015124.JPG,train
8,16413553672317682149.JPG,train
2,2556306825214042154.JPG,train
0,4802829750355385105.JPG,valid
5,14382971343581588436.JPG,train
4,1171467790760778125.JPG,train
9,8462454471723254589.JPG,valid
0,5818982699206335200.JPG,valid
1,15000268854454588641.JPG,train
7,8529027045509262319.JPG,train
2,17725825389686209793.JPG,train
4,12242862692956836947.JPG,train
4,299185338172388399.JPG,train
3,10001821807825582010.JPG,valid
9,13504335208269574692.JPG,train
3,2590741683265750235.JPG,train
2,908422503690981921.JPG,valid
4,5561802750205276143.JPG,train
1,11026895560945414610.JPG,train
5,2762443305854148143.JPG,valid
8,1190097960282863674.JPG,valid
7,14881824558254467127.JPG,train
1,14188860350849895688.JPG,valid
8,11181406314479217019.JPG,train
6,15692017271147759554.JPG,train
1,17617492194302051157.JPG,train
5,15242248315611971727.JPG,train
8,5186029450256794673.JPG,valid
9,16927572805263658410.JPG,train
4,1994668505692854775.JPG,valid
7,1892368015557480498.JPG,valid
8,5224460061334713962.JPG,train
0,5591335308772242328.JPG,valid
5,5061470777933710161.JPG,valid
0,15944564812074965665.JPG,train
1,4033964384014321292.JPG,train
2,11845337433216291346.JPG,valid
6,17605905502850722252.JPG,valid
6,16466093148979787512.JPG,train
3,11629273341518084443.JPG,train
2,6165162435819628309.JPG,train
9,8740453521386973963.JPG,valid
1,8107347673640354559.JPG,train
8,15331941144586153744.JPG,train
9,624250400429476008.JPG,train
2,9792433711983550948.JPG,train
4,8927294938529703639.JPG,valid
9,14715346421361603502.JPG,train
8,1364981832441373359.JPG,train
2,3470566771267765155.JPG,valid
7,14001209556705556109.JPG,train
6,15532196128775318077.JPG,valid
5,4329980844811567414.JPG,train
6,3820397430265335035.JPG,train
8,10842569301573027009.JPG,train
0,8518915067279624953.JPG,valid
4,15075919141269961733.JPG,train
8,3560537072430355549.JPG,valid
5,2717036540024607945.JPG,train
5,2854431945841411903.JPG,train
2,14486813433116677534.JPG,train
3,14800784745358257545.JPG,train
1,15745006071462232539.JPG,train
1,12282715537174938686.JPG,train
8,9374199328876059101.JPG,train
6,6290560147875222020.JPG,train
2,7775734861284747880.JPG,train
7,15987005075440520687.JPG,train
0,3166796419746908719.JPG,train
1,2198780917091081939.JPG,train
2,8957478325725267021.JPG,train
8,14640014563825768368.JPG,train
6,14148553314754385510.JPG,valid
6,8994623493007039440.JPG,train
4,2406430944277173615.JPG,train
9,5864429121723541884.JPG,train
2,16771525767231053280.JPG,train
1,4755506800450786807.JPG,valid
6,16496279257402682405.JPG,valid
1,620514733252878560.JPG,train
6,12454151782540916318.JPG,train
4,6333874994909091278.JPG,train
1,2784686112291527728.JPG,train
4,5081791674820226656.JPG,valid
0,10542828267778545388.JPG,train
6,4977837327772834057.JPG,valid
0,18064478604915634017.JPG,valid
6,10623345378215464963.JPG,train
4,11035184434607650622.JPG,valid
7,5919891529337959411.JPG,valid
1,9287337922141318282.JPG,train
4,18205259270709426274.JPG,valid
9,12119187315733530555.JPG,train
7,12012264680104218091.JPG,valid
8,13298294392618806998.JPG,valid
3,10019033828722413138.JPG,train
5,8792090816844245997.JPG,valid
1,140644718892672373.JPG,train
6,2579292910983431126.JPG,valid
1,17838750376695586798.JPG,train
9,17808469350325776557.JPG,valid
6,14730778312717534742.JPG,valid
1,10745261815926429564.JPG,train
3,13933460296993799478.JPG,train
5,11839656984303467702.JPG,train
6,5079123589679999012.JPG,train
7,13275493059095603714.JPG,train
3,9091034108611908571.JPG,train
3,6609715993449275291.JPG,train
5,15591671590707328520.JPG,valid
1,183019885281287615.JPG,train
0,18129395614203607256.JPG,valid
2,7583980116009693067.JPG,train
3,15386610467857434598.JPG,train
3,15779214866961005530.JPG,valid
5,8861522149048997425.JPG,train
5,10177706441208958778.JPG,train
1,7570192790683818995.JPG,train
7,17392824975179888934.JPG,valid
2,13981672980360173792.JPG,train
9,17341296917184580734.JPG,valid
9,305608915315911812.JPG,train
2,5188638659241922875.JPG,valid
2,3974967168108796829.JPG,valid
9,5537353907504348003.JPG,valid
0,10532850385097529358.JPG,train
4,16533270451687051323.JPG,train
5,16564238962261087627.JPG,valid
7,17186092164724937792.JPG,train
2,16199208812731855653.JPG,valid
1,15394096163974479464.JPG,train
9,17617061395136727396.JPG,valid
0,13054154698164355496.JPG,train
1,11796319712598561137.JPG,train
9,1899273991235151856.JPG,train
9,10781066255185378663.JPG,train
9,17256768212661185266.JPG,valid
7,12667701910296338678.JPG,train
3,12490899054299500272.JPG,valid
6,1956626608973530721.JPG,train
3,16316966277175681313.JPG,valid
3,9087785763117044937.JPG,valid
6,7997036487757639662.JPG,train
9,14633964769057462108.JPG,train
2,7366131141227593927.JPG,train
4,5519028746230845324.JPG,valid
9,12475193481060041079.JPG,valid
3,8438341330532359982.JPG,valid
7,10863834722629192183.JPG,train
3,12656874534624838919.JPG,train
2,4807885629892849.JPG,train
5,18165872609985702842.JPG,train
8,8195883320410885460.JPG,valid
4,12245548081000864266.JPG,valid
8,3164182924367246609.JPG,train
7,7859189883599577791.JPG,train
2,9677588398312341833.JPG,train
0,15575798786878417424.JPG,valid
1,13899251529741514170.JPG,train
9,5453639551212011449.JPG,valid
6,6655576862868551012.JPG,valid
7,16891487456987020730.JPG,train
3,16363602624511883849.JPG,train
1,12609665436022372412.JPG,train
9,11423181666780905125.JPG,train
5,8996604350121497202.JPG,train
3,8699200982552997899.JPG,train
2,699802651729396017.JPG,train
3,4443396178867436324.JPG,train
1,17577660949537053806.JPG,valid
8,10632326501299088006.JPG,train
3,518945246154702085.JPG,train
7,11006088248202445395.JPG,valid
6,14402715508371921473.JPG,train
0,14209040089874725183.JPG,valid
3,2271225788263737924.JPG,valid
8,9145635539177552073.JPG,train
9,1124877262607964650.JPG,valid
9,9962165827709603418.JPG,train
3,1522808673863589115.JPG,train
6,10511670351220869825.JPG,valid
6,13094105013309233665.JPG,train
5,1737452010166390358.JPG,train
4,1089786378404505094.JPG,train
5,2479511345482553964.JPG,valid
5,12268349981964010096.JPG,train
8,6274783012340409031.JPG,train
4,809661148358378798.JPG,valid
4,14511377794627088882.JPG,valid
6,11639224548590788037.JPG,train
3,1303114695523746580.JPG,train
1,12147786657031697033.JPG,train
9,16617206150760564203.JPG,train
1,736494478856578196.JPG,valid
8,13088523603424682805.JPG,train
0,15435192906116506235.JPG,train
4,16327121850442034723.JPG,train
7,7886091476178748630.JPG,valid
8,7723401170881482009.JPG,train
6,14070658999346469000.JPG,train
7,18170700716380452723.JPG,train
5,8065524529876208103.JPG,valid
7,10238239664071097022.JPG,valid
4,525248983940942072.JPG,train
3,16878739132640321592.JPG,train
9,5560129019426537581.JPG,train
2,9302781754281254411.JPG,train
0,12313175632118034536.JPG,train
7,17898064027978396363.JPG,train
7,10217287674825120447.JPG,valid
1,518882941457547796.JPG,train
2,66890882937402429.JPG,valid
6,16868780904320271475.JPG,train
4,13687735111359147793.JPG,valid
5,1813417680754250667.JPG,train
3,2646582555461147039.JPG,valid
9,6608585149369010009.JPG,valid
6,16674971015701933015.JPG,train
8,2326340574715206328.JPG,valid
1,16484684672933169128.JPG,train
4,11771614836144995612.JPG,train
0,12878512458501257843.JPG,train
4,15895704839506118695.JPG,train
3,11574437593062025978.JPG,valid
9,9476063276168289089.JPG,train
6,15736520495665349044.JPG,valid
3,4763352404850334001.JPG,train
1,12323861562436058793.JPG,train
5,8006277947161959483.JPG,valid
6,2795694291309776664.JPG,train
0,493182945393877163.JPG,train
8,9818137501937601716.JPG,train
5,45813018469749623.JPG,valid
7,13410114580752158699.JPG,valid
0,9911871011020772817.JPG,valid
5,16170448386672229993.JPG,train
4,12312331508604215442.JPG,valid
7,13871354060356289663.JPG,valid
8,11040975772852912264.JPG,train
2,9285857777901868614.JPG,valid
5,3568362515926986475.JPG,train
2,2133091225497183487.JPG,train
2,5455093080645100508.JPG,train
3,3021573377599511020.JPG,train
2,16605582534452242951.JPG,valid
0,14861488547456129351.JPG,valid
0,1513183920361737685.JPG,valid
4,6283838358271450629.JPG,valid
9,9662703497250126417.JPG,valid
5,10927609521740410599.JPG,valid
7,6517522325647507886.JPG,valid
5,7169804610473370555.JPG,valid
0,9809239874773445804.JPG,valid
0,8732262821557547787.JPG,train
4,9841041452313646469.JPG,train
3,8235089861941276988.JPG,valid
7,10042686458069060512.JPG,train
4,9449441712145672490.JPG,train
7,4136013897486571859.JPG,train
9,18423060549922303779.JPG,train
9,6403945578444315099.JPG,train
4,2054542164670127468.JPG,train
4,716178521893528868.JPG,train
6,2851252706492927914.JPG,train
9,4420500383494631064.JPG,train
0,15299976240975895418.JPG,valid
0,560131292800939958.JPG,train
1,3886284853682109515.JPG,train
9,4065408480247036032.JPG,valid
8,11981630196769101373.JPG,valid
9,10754232370418511976.JPG,train
7,13307538238107522787.JPG,valid
3,9406003574046887135.JPG,train
2,14282657826290462298.JPG,train
1,14405990890135804923.JPG,train
6,8902807464572910202.JPG,valid
1,11922637247666708284.JPG,valid
1,10508287585002974672.JPG,train
4,9023862183038154471.JPG,valid
1,7175827117129711349.JPG,train
0,11404374539965972838.JPG,train
4,9128349087442913714.JPG,train
2,10078281483293091718.JPG,train
2,6300392642937650316.JPG,train
2,5588381143768808939.JPG,valid
0,10614841650327584549.JPG,train
6,12116288022335728186.JPG,train
0,2428025969378228509.JPG,valid
6,18045240269601294381.JPG,train
6,17075200988965284710.JPG,train
9,11580707670916483345.JPG,train
5,13871927432716799197.JPG,train
7,13232770357586993546.JPG,train
7,6819552818924348193.JPG,train
2,7854352640290449943.JPG,train
5,15008271903284217481.JPG,train
0,11918608222740024454.JPG,valid
3,15821449518072481600.JPG,valid
1,16346186260687835791.JPG,train
4,9941763935597692213.JPG,train
2,990820366332755869.JPG,train
2,3187531673538048604.JPG,train
9,13015983125161946273.JPG,valid
8,5072874861130465988.JPG,train
3,18303445943991273120.JPG,train
3,6297736266012028039.JPG,train
8,9358983401398238806.JPG,train
1,10523638821260179494.JPG,train
8,3471925738634111196.JPG,train
9,12172884151804452401.JPG,train
1,2012032178119880663.JPG,valid
1,5652844152074933574.JPG,train
1,6206405594249341129.JPG,train
4,9096175542292820098.JPG,train
0,6759224132666130511.JPG,train
5,16855352052506005883.JPG,train
9,14427869143442768236.JPG,valid
7,4326170725438811494.JPG,train
4,16992906936036531070.JPG,train
2,8302726562140600567.JPG,valid
3,14919038358204835882.JPG,valid
1,12548874277906453520.JPG,valid
8,13871307033562506105.JPG,train
7,5221126637010022642.JPG,valid
3,11665913456527576198.JPG,train
2,8722316588436285130.JPG,train
1,6534427940609677479.JPG,valid
6,16518487582527320395.JPG,valid
1,6372696144453507537.JPG,valid
8,14113031544492859458.JPG,train
0,1437869510236394026.JPG,train
8,9454109714245293049.JPG,valid
8,7398527361851886492.JPG,train
2,9590382947754346167.JPG,train
9,14095311823917834257.JPG,valid
2,14257371352688114329.JPG,train
3,3544907252862866983.JPG,valid
1,6118962883885404308.JPG,train
9,15816279737176746216.JPG,train
2,2111129801207452612.JPG,valid
1,5699678997200396643.JPG,train
1,17717946314278111452.JPG,train
3,5089736659627453091.JPG,valid
1,3421169287283195465.JPG,train
2,10137904262729400514.JPG,train
3,6466539202576017368.JPG,valid
4,13860080520343305562.JPG,valid
3,7597280043988968664.JPG,train
1,15375534329362376761.JPG,train
9,13497445820150865821.JPG,train
3,9038530347158513667.JPG,train
3,17042466312324740458.JPG,train
8,11317909989557822353.JPG,train
0,6654751227700783769.JPG,train
2,10020020872932926836.JPG,train
1,14439828337527006812.JPG,train
2,12780717972053738996.JPG,train
0,177413564601785965.JPG,train
2,3251923942130332566.JPG,valid
2,16232460735642286551.JPG,train
4,11797422656924510418.JPG,valid
5,8099163077233196450.JPG,train
7,16805445243067849477.JPG,valid
4,15752415678622230696.JPG,valid
6,2071345081354093955.JPG,train
9,14969746023465150172.JPG,train
9,6951184889081406555.JPG,valid
2,11908812303520892282.JPG,train
4,4469063993897447404.JPG,valid
6,12713051513793655063.JPG,train
8,3902303719845442932.JPG,train
1,12237578186644585829.JPG,train
0,5387880616327612572.JPG,valid
4,8364160081344727723.JPG,train
6,8107140887982630669.JPG,valid
5,11839450216143457266.JPG,train
0,9725714234450533251.JPG,valid
2,4903146733694194012.JPG,valid
2,15714310390358148953.JPG,valid
5,17345724359626719134.JPG,train
0,11461004186486685189.JPG,train
0,29364003331759249.JPG,valid
6,6977076739978888994.JPG,train
6,12851784172703871253.JPG,train
8,11085287525243581940.JPG,train
9,15081169505215448434.JPG,train
7,16572737214554328199.JPG,train
1,4252766042507961147.JPG,train
0,1694245828634090752.JPG,valid
8,4581955079607193735.JPG,train
3,12349858231615646150.JPG,valid
4,11612622023808719315.JPG,train
3,8378323306121065718.JPG,train
0,1584314702565398232.JPG,train
8,13255443182463486307.JPG,train
7,17970719349252821400.JPG,train
1,2711404922318110000.JPG,train
7,8975549314920241933.JPG,train
7,16586995599348790627.JPG,valid
8,18405706330995085248.JPG,train
3,9457357235166499354.JPG,train
8,7638599387765801311.JPG,train
0,8710516644239158324.JPG,train
1,8312203937262017661.JPG,train
6,2232075327352445748.JPG,valid
1,7007613284713315630.JPG,train
8,7486571775018634153.JPG,train
9,8535720502785742538.JPG,valid
1,2665336450540990943.JPG,train
2,14083901636147376833.JPG,train
9,15292321695502599186.JPG,valid
0,17708536561368999688.JPG,valid
9,2405233017890648041.JPG,train
5,18228138130890553919.JPG,train
1,16300485329575921827.JPG,train
9,5578351526554906724.JPG,train
3,3892566126813271118.JPG,train
8,1436552306434617010.JPG,train
8,10628574615365511375.JPG,valid
8,208769507581063924.JPG,train
8,13006826456374802053.JPG,valid
3,10089740631450441796.JPG,train
1,5155403635686569187.JPG,valid
3,13551766228626098010.JPG,valid
9,14578936437278026937.JPG,train
1,1233080491165989442.JPG,train
0,11696310676793762266.JPG,train
4,16217768372882677729.JPG,train
8,614252905314234672.JPG,train
2,12822114841110279039.JPG,train
0,2164899988235924651.JPG,train
5,13073066728295750859.JPG,valid
7,9929618839741043967.JPG,train
2,4524983333443539451.JPG,train
0,6633021168166303135.JPG,train
1,16424108972711084481.JPG,train
3,10514039611646390447.JPG,train
7,15235891108739581877.JPG,train
3,2409616651084733646.JPG,train
6,3847578451758324819.JPG,train
0,11285782926637764861.JPG,train
3,15329680890577591688.JPG,train
0,5033430244661904039.JPG,train
5,12327202765786928035.JPG,train
5,17531564021895758225.JPG,valid
0,1919688806470003273.JPG,valid
6,2878257776497284197.JPG,train
6,7209226134095522069.JPG,valid
7,14653534706195454829.JPG,valid
8,463168374572987633.JPG,train
6,7840451655714052024.JPG,train
2,17090510996281442442.JPG,train
4,7591048321102402789.JPG,train
0,8662825792211089516.JPG,train
3,13604052009175624606.JPG,valid
4,10972872169970424991.JPG,train
3,5441466905376792093.JPG,train
7,12747068871601135258.JPG,train
9,6604683795614458219.JPG,valid
2,17969068086696659591.JPG,train
3,9331726770417595275.JPG,train
4,7614177571432180491.JPG,train
8,834945578215834100.JPG,valid
5,11879694482933663249.JPG,train
7,3961508178816142519.JPG,train
3,13568312510834480430.JPG,valid
3,495229228385109510.JPG,train
1,2396396906491400037.JPG,valid
6,7179692058983905969.JPG,train
1,10908510339232577929.JPG,train
5,3079019777195537625.JPG,train
2,3255399835157515616.JPG,valid
5,12564369019392479547.JPG,train
5,10760206829536177763.JPG,train
6,350328342060716819.JPG,valid
8,9329920220084472929.JPG,train
3,11231051740214446177.JPG,valid
5,1310926120786884049.JPG,train
1,6965359122852261589.JPG,valid
1,942304980230827191.JPG,train
3,4098592050633718929.JPG,train
7,11199095194421734049.JPG,train
6,3450819491741044331.JPG,train
7,4969488470562503403.JPG,valid
2,17551660965556555382.JPG,train
4,2360286617744652158.JPG,train
2,13329969004908268002.JPG,valid
0,1954263259561230822.JPG,train
6,5025147941181845151.JPG,train
9,12656633910172558171.JPG,train
5,5096619109441621795.JPG,valid
1,4212345881046118149.JPG,valid
1,14967743667545382095.JPG,train
0,17132879126230975080.JPG,train
8,9341060831371715118.JPG,train
4,7868675436667380718.JPG,train
8,3067780124756784659.JPG,train
0,6887997272541118612.JPG,train
2,10944074729678066698.JPG,train
6,10474197119367787044.JPG,train
9,13397569675584313214.JPG,valid
1,4612549312466554810.JPG,valid
6,343600928482505.JPG,train
0,8070956762019307152.JPG,train
7,12476281320104046925.JPG,valid
5,17425973310651250019.JPG,train
1,6975839575314339203.JPG,valid
7,15475364168162501621.JPG,valid
2,4284997505879298468.JPG,train
1,17011263288428625610.JPG,train
3,1977620542428425783.JPG,train
8,4704163109751592572.JPG,train
2,5139032374535654157.JPG,train
9,12457017515032676508.JPG,valid
1,1150081804058187593.JPG,train
7,12021290325107536584.JPG,train
6,17804240944976102536.JPG,valid
5,108551504604822830.JPG,valid
9,1129863898580486194.JPG,train
4,15287001547438543618.JPG,train
8,16819249974755593308.JPG,train
2,5725934613324127860.JPG,valid
0,8518993009488819070.JPG,train
0,7731828172560590462.JPG,train
8,2099255390852042000.JPG,train
5,13081798953464096544.JPG,valid
6,5709314553256850622.JPG,valid
3,2617055520032880185.JPG,valid
5,11893397633577464747.JPG,train
1,13869899914974506314.JPG,train
0,17362790187031512238.JPG,train
2,11043844685144431131.JPG,train
6,3166871747248753797.JPG,train
4,10152938766312214663.JPG,train
4,2277551815307450946.JPG,valid
5,4909503919829725097.JPG,train
0,11533730775001255064.JPG,train
9,7793856699314304322.JPG,train
2,8410008175558688034.JPG,train
1,16852060631957649531.JPG,train
8,3506375603121240582.JPG,train
0,2070111132761329522.JPG,train
6,3780410000717617954.JPG,valid
2,2694950802025342062.JPG,valid
6,13340681649860504892.JPG,train
2,10427499045558618280.JPG,train
1,14889020813139272986.JPG,train
6,11397113864055886969.JPG,train
3,6100297050872172315.JPG,valid
4,13878945343114385026.JPG,valid
8,4785772047364933792.JPG,train
6,13068298303459190279.JPG,train
3,10719218578738954047.JPG,train
4,397518360678770054.JPG,train
7,11873651117976533037.JPG,train
4,7295104963075455797.JPG,valid
1,13373427287479498663.JPG,train
1,12471943218744775927.JPG,train
9,830543293675748322.JPG,train
6,3227152780526730110.JPG,train
5,148234261316762039.JPG,train
6,5187042488467577794.JPG,valid
4,7544330942217360865.JPG,train
7,14146810721393863119.JPG,train
5,3233892863745140102.JPG,train
8,13934724613069290975.JPG,valid
5,1816873393025830588.JPG,valid
1,17065866716401109301.JPG,valid
8,16536312571000985183.JPG,valid
2,15518736756915206560.JPG,valid
1,14712366734659631732.JPG,valid
1,4184205824849752288.JPG,train
0,16961245249856645878.JPG,train
7,13734906800387748367.JPG,train
9,11652380874257740113.JPG,train
3,12681810853492726549.JPG,train
0,8391241654376126690.JPG,valid
3,18277517621501959372.JPG,valid
5,10013026261545717794.JPG,train
8,13811754859267023616.JPG,train
2,8109606130929946745.JPG,train
4,11119823214949516485.JPG,train
1,13292353854704865078.JPG,valid
8,9639414899152372499.JPG,train
9,4510812027670402743.JPG,valid
4,15831954569527903492.JPG,valid
4,16435551092319637657.JPG,train
6,15353179578125632265.JPG,train
1,7946322529621681978.JPG,train
5,5857367195276991808.JPG,valid
2,3908991475214510203.JPG,train
6,7163096559951933177.JPG,train
3,15697581623653503798.JPG,train
3,17674902933851389170.JPG,train
1,10916813672456313879.JPG,valid
7,726534045259418958.JPG,train
1,800974092663129441.JPG,train
5,10991497515166724855.JPG,valid
8,10360313528208583221.JPG,train
4,16016644590421005079.JPG,valid
2,18059544036747525984.JPG,train
8,14446657417937972730.JPG,valid
4,636354776025436318.JPG,train
0,3466456226955162808.JPG,train
2,15390652958064205933.JPG,train
0,16092215483072107376.JPG,train
7,12837566083194612996.JPG,train
1,6246586667448704734.JPG,valid
2,33513734468936282.JPG,valid
6,3052727989326298156.JPG,train
9,3833663483430821553.JPG,train
8,16694153485329028285.JPG,valid
2,13083068443936395424.JPG,train
6,18414893043697509847.JPG,valid
9,1955817681334426774.JPG,valid
7,8392849105699129785.JPG,train
8,1560383023539189533.JPG,valid
8,12515114222276047645.JPG,train
7,9065208701297299892.JPG,train
5,12178531421958875931.JPG,valid
5,2510302739803294510.JPG,valid
8,406684267244077534.JPG,train
3,14212579698264532857.JPG,valid
3,5490686431139982560.JPG,valid
5,5890567524907202485.JPG,train
0,10349549683610674050.JPG,valid
4,12862949295756093865.JPG,train
0,8239806903236395141.JPG,train
5,16725604947355535000.JPG,train
5,8404950458661904291.JPG,train
3,15463584360996653274.JPG,train
6,1104820023406064669.JPG,train
3,14556106488225014645.JPG,valid
3,13860559932195480843.JPG,train
5,3907977773592989969.JPG,train
9,1293853416063633389.JPG,train
9,2600773133414417513.JPG,train
3,12045502758939155056.JPG,train
3,3467346835941145617.JPG,train
5,5011302087022785830.JPG,train
8,9030503510147298757.JPG,valid
4,6589383212174464633.JPG,valid
7,2238674827295688692.JPG,train
6,9254359302946797020.JPG,train
2,5428651877415383650.JPG,valid
4,2385165517124858572.JPG,train
4,5975872285511976381.JPG,valid
1,1285146077818276569.JPG,train
3,10990598109346255652.JPG,train
9,822710405696452538.JPG,train
4,1915690593727717490.JPG,train
6,15348814883337239857.JPG,train
9,6145304347601709293.JPG,valid
8,3420396580790569706.JPG,train
7,3448557799524823121.JPG,valid
2,10230921227569434564.JPG,train
7,3376439261432154806.JPG,train
5,5162382626073825138.JPG,train
3,18313703246667097639.JPG,valid
2,18150197165922971526.JPG,train
4,14602823824344193807.JPG,train
9,70580258141502302.JPG,train
9,11289263296058880162.JPG,train
3,17456373062168619321.JPG,train
5,13130441469204789325.JPG,train
1,6256992264682096783.JPG,train
6,9646280437031526212.JPG,train
6,5963810494845777015.JPG,train
5,4382781067622815480.JPG,valid
1,1461168588320168156.JPG,train
0,3300485711155722605.JPG,valid
6,10465660540052908812.JPG,valid
6,14636258891369851094.JPG,train
2,6340967489159734174.JPG,train
7,8080823767026296590.JPG,train
5,7362873008545362582.JPG,train
1,14249459666976199472.JPG,train
6,7862148077041112492.JPG,train
9,11605331631364597662.JPG,train
4,16989668232325574245.JPG,valid
0,9158068521550705828.JPG,train
8,3816634345831360940.JPG,valid
8,14339934737252960641.JPG,valid
9,10358685267050624091.JPG,train
4,6525413639230282914.JPG,train
3,4854602398876492226.JPG,train
2,17628091663340756638.JPG,train
4,8388036995512733039.JPG,train
8,101690058129579185.JPG,train
9,8828768037361360547.JPG,train
2,520962154690510268.JPG,valid
1,6185725746305073427.JPG,train
2,14269258320346874525.JPG,valid
5,8871442523553241551.JPG,train
8,17244673904442205168.JPG,train
0,4720235914773366151.JPG,train
4,6910893494659252020.JPG,train
9,3131292200479704331.JPG,valid
1,1189470944400938309.JPG,train
8,6460316116746240952.JPG,valid
8,4059015912817724259.JPG,valid
7,7727750053487659285.JPG,train
2,3891444123709538811.JPG,train
0,12002893336388181741.JPG,valid
4,5398200557678335759.JPG,valid
4,450308137885256042.JPG,train
7,17783349202400368298.JPG,valid
4,504129512315687278.JPG,valid
8,8255131328666929257.JPG,train
8,17449654471919455645.JPG,train
3,2258337983073332630.JPG,valid
9,5592565609186690512.JPG,train
6,1247146966028567376.JPG,train
7,6413476739545164183.JPG,train
9,15748002191702768105.JPG,valid
4,6493126736905691559.JPG,train
3,13122410132409793189.JPG,train
1,11935027489693998260.JPG,train
6,309947414971065784.JPG,valid
1,534475248570978816.JPG,train
9,2199734406080991459.JPG,valid
3,10647194237670301641.JPG,train
2,13840251240260118028.JPG,train
3,8079302615987135647.JPG,train
4,8229721462530954458.JPG,train
7,1949963377227324821.JPG,train
6,3331684741690416779.JPG,train
8,9592883550136681593.JPG,valid
0,8011637509789211421.JPG,train
5,2052418230844547866.JPG,train
5,6960216878303370368.JPG,train
9,13752367086685259090.JPG,train
7,6811147253824770116.JPG,train
6,14994705272296620241.JPG,valid
7,11828558955986359412.JPG,train
7,7398789574696151233.JPG,train
3,14392050139044026261.JPG,valid
0,107277278770233086.JPG,train
9,5433879761387885425.JPG,train
3,15271827922314234464.JPG,train
6,10902805168541902628.JPG,train
4,8690067220275123676.JPG,train
2,17719693072061353283.JPG,valid
2,9055314644548142819.JPG,train
4,5660552147882027740.JPG,valid
0,14998924233270647953.JPG,valid
8,9062784175194676808.JPG,train
8,8418037810318285918.JPG,train
